scope,model_a_mean,model_a_std,model_b_mean,model_b_std,delta_b_minus_a_mean,delta_b_minus_a_ci95
AWGN,0.919048,0.000000,0.976190,0.000000,0.057143,0.000000
Fading,0.919048,0.000000,0.983333,0.002510,0.064286,0.001556
Combined_channel,0.918095,0.003012,0.985714,0.000000,0.067619,0.001867
overall_mean,0.918730,0.001004,0.981746,0.000837,0.063016,0.000933
